{"mean_reward": 487.5, "std_reward": 203.79217354942756, "is_deterministic": false, "n_eval_episodes": 10, "eval_datetime": "2023-06-04T21:16:04.575321"}